{"nm":"202106 Stories Term ","mn":"","layers":[{"ty":4,"nm":"Shape Layer 5","mn":"","sr":1,"st":0,"op":640,"ip":0,"hd":false,"cl":"","ln":"","ddd":0,"bm":0,"hasMask":false,"ao":0,"ks":{"a":{"a":0,"k":[0,0,0],"ix":1},"s":{"a":0,"k":[250,250,100],"ix":6},"sk":{"a":0,"k":0},"p":{"a":0,"k":[887.5,1310,0],"ix":2},"r":{"a":0,"k":0,"ix":10},"sa":{"a":0,"k":0},"o":{"a":1,"k":[{"o":{"x":0.333,"y":0},"i":{"x":0.667,"y":1},"s":[0],"t":157},{"o":{"x":0.167,"y":0.167},"i":{"x":0.833,"y":0.833},"s":[31],"t":166}],"ix":11}},"ef":[],"shapes":[{"ty":"gr","bm":0,"cl":"","ln":"","hd":false,"mn":"ADBE Vector Group","nm":"Ellipse 1","ix":1,"cix":2,"np":3,"it":[{"ty":"el","bm":0,"cl":"","ln":"","hd":false,"mn":"ADBE Vector Shape - Ellipse","nm":"Ellipse Path 1","d":1,"p":{"a":0,"k":[0,0],"ix":3},"s":{"a":0,"k":[27.035,27.035],"ix":2}},{"ty":"fl","bm":0,"cl":"","ln":"","hd":false,"mn":"ADBE Vector Graphic - Fill","nm":"Fill 1","c":{"a":0,"k":[0.8549,0.5725,0.7569],"ix":4},"r":1,"o":{"a":0,"k":100,"ix":5}},{"ty":"tr","a":{"a":0,"k":[0,0],"ix":1},"s":{"a":0,"k":[100,100],"ix":3},"sk":{"a":0,"k":0,"ix":4},"p":{"a":0,"k":[48.518,-23.482],"ix":2},"r":{"a":0,"k":0,"ix":6},"sa":{"a":0,"k":0,"ix":5},"o":{"a":0,"k":100,"ix":7}}]}],"ind":1},{"ty":4,"nm":"Shape Layer 4","mn":"","sr":1,"st":0,"op":640,"ip":0,"hd":false,"cl":"","ln":"","ddd":0,"bm":0,"hasMask":false,"ao":0,"ks":{"a":{"a":0,"k":[0,0,0],"ix":1},"s":{"a":0,"k":[250,250,100],"ix":6},"sk":{"a":0,"k":0},"p":{"a":0,"k":[1227.5,1247.5,0],"ix":2},"r":{"a":0,"k":0,"ix":10},"sa":{"a":0,"k":0},"o":{"a":1,"k":[{"o":{"x":0.333,"y":0},"i":{"x":0.667,"y":1},"s":[0],"t":157},{"o":{"x":0.167,"y":0.167},"i":{"x":0.833,"y":0.833},"s":[31],"t":166}],"ix":11}},"ef":[],"shapes":[{"ty":"gr","bm":0,"cl":"","ln":"","hd":false,"mn":"ADBE Vector Group","nm":"Ellipse 1","ix":1,"cix":2,"np":3,"it":[{"ty":"el","bm":0,"cl":"","ln":"","hd":false,"mn":"ADBE Vector Shape - Ellipse","nm":"Ellipse Path 1","d":1,"p":{"a":0,"k":[0,0],"ix":3},"s":{"a":0,"k":[27.035,27.035],"ix":2}},{"ty":"fl","bm":0,"cl":"","ln":"","hd":false,"mn":"ADBE Vector Graphic - Fill","nm":"Fill 1","c":{"a":0,"k":[0.8549,0.5725,0.7569],"ix":4},"r":1,"o":{"a":0,"k":100,"ix":5}},{"ty":"tr","a":{"a":0,"k":[0,0],"ix":1},"s":{"a":0,"k":[100,100],"ix":3},"sk":{"a":0,"k":0,"ix":4},"p":{"a":0,"k":[48.518,-23.482],"ix":2},"r":{"a":0,"k":0,"ix":6},"sa":{"a":0,"k":0,"ix":5},"o":{"a":0,"k":100,"ix":7}}]}],"ind":2},{"ty":4,"nm":"Shape Layer 3","mn":"","sr":1,"st":0,"op":640,"ip":0,"hd":false,"cl":"","ln":"","ddd":0,"bm":0,"hasMask":false,"ao":0,"ks":{"a":{"a":0,"k":[0,0,0],"ix":1},"s":{"a":0,"k":[145.9575,145.9575,100],"ix":6},"sk":{"a":0,"k":0},"p":{"a":0,"k":[1023.75,1286.875,0],"ix":2},"r":{"a":0,"k":32.002,"ix":10},"sa":{"a":0,"k":0},"o":{"a":0,"k":100,"ix":11}},"ef":[],"shapes":[{"ty":"gr","bm":0,"cl":"","ln":"","hd":false,"mn":"ADBE Vector Group","nm":"Shape 1","ix":1,"cix":2,"np":3,"it":[{"ty":"sh","bm":0,"cl":"","ln":"","hd":false,"mn":"ADBE Vector Shape - Group","nm":"Path 1","ix":1,"d":1,"ks":{"a":0,"k":{"c":false,"i":[[0,0],[-9,32]],"o":[[0,0],[9,-32]],"v":[[17.27,3.096],[55.27,-11.904]]},"ix":2}},{"ty":"st","bm":0,"cl":"","ln":"","hd":false,"mn":"ADBE Vector Graphic - Stroke","nm":"Stroke 1","lc":1,"lj":1,"ml":4,"o":{"a":0,"k":100,"ix":4},"w":{"a":0,"k":4,"ix":5},"d":[],"c":{"a":0,"k":[0.8549,0.5725,0.7569],"ix":3}},{"ty":"tr","a":{"a":0,"k":[0,0],"ix":1},"s":{"a":0,"k":[88.118,80.744],"ix":3},"sk":{"a":0,"k":0,"ix":4},"p":{"a":0,"k":[0,0],"ix":2},"r":{"a":0,"k":0,"ix":6},"sa":{"a":0,"k":0,"ix":5},"o":{"a":0,"k":100,"ix":7}}]},{"ty":"tm","bm":0,"cl":"","ln":"","hd":false,"mn":"ADBE Vector Filter - Trim","nm":"Trim Paths 1","ix":2,"e":{"a":1,"k":[{"o":{"x":0.333,"y":0},"i":{"x":0.667,"y":1},"s":[0],"t":157},{"o":{"x":0.167,"y":0.167},"i":{"x":0.833,"y":0.833},"s":[100],"t":178}],"ix":2},"o":{"a":0,"k":0,"ix":3},"s":{"a":0,"k":0,"ix":1},"m":1}],"ind":3},{"ty":4,"nm":"Shape Layer 2","mn":"","sr":1,"st":0,"op":640,"ip":0,"hd":false,"cl":"","ln":"","ddd":0,"bm":0,"hasMask":false,"ao":0,"ks":{"a":{"a":0,"k":[0,0,0],"ix":1},"s":{"a":0,"k":[145.9575,145.9575,100],"ix":6},"sk":{"a":0,"k":0},"p":{"a":0,"k":[1248.75,1278.75,0],"ix":2},"r":{"a":0,"k":-16.339,"ix":10},"sa":{"a":0,"k":0},"o":{"a":0,"k":100,"ix":11}},"ef":[],"shapes":[{"ty":"gr","bm":0,"cl":"","ln":"","hd":false,"mn":"ADBE Vector Group","nm":"Shape 1","ix":1,"cix":2,"np":3,"it":[{"ty":"sh","bm":0,"cl":"","ln":"","hd":false,"mn":"ADBE Vector Shape - Group","nm":"Path 1","ix":1,"d":1,"ks":{"a":0,"k":{"c":false,"i":[[0,0],[-9,32]],"o":[[0,0],[9,-32]],"v":[[17.27,3.096],[55.27,-11.904]]},"ix":2}},{"ty":"st","bm":0,"cl":"","ln":"","hd":false,"mn":"ADBE Vector Graphic - Stroke","nm":"Stroke 1","lc":1,"lj":1,"ml":4,"o":{"a":0,"k":100,"ix":4},"w":{"a":0,"k":4,"ix":5},"d":[],"c":{"a":0,"k":[0.8549,0.5725,0.7569],"ix":3}},{"ty":"tr","a":{"a":0,"k":[0,0],"ix":1},"s":{"a":0,"k":[88.118,80.744],"ix":3},"sk":{"a":0,"k":0,"ix":4},"p":{"a":0,"k":[0,0],"ix":2},"r":{"a":0,"k":0,"ix":6},"sa":{"a":0,"k":0,"ix":5},"o":{"a":0,"k":100,"ix":7}}]},{"ty":"tm","bm":0,"cl":"","ln":"","hd":false,"mn":"ADBE Vector Filter - Trim","nm":"Trim Paths 1","ix":2,"e":{"a":1,"k":[{"o":{"x":0.333,"y":0},"i":{"x":0.667,"y":1},"s":[0],"t":157},{"o":{"x":0.167,"y":0.167},"i":{"x":0.833,"y":0.833},"s":[100],"t":178}],"ix":2},"o":{"a":0,"k":0,"ix":3},"s":{"a":0,"k":0,"ix":1},"m":1}],"ind":4},{"ty":4,"nm":"Top up/Stories Layers Outlines","mn":"","sr":1,"st":0,"op":640,"ip":130,"hd":false,"cl":"","ln":"","ddd":0,"bm":0,"hasMask":false,"ao":0,"ks":{"a":{"a":0,"k":[24,42,0],"ix":1},"s":{"a":0,"k":[100,100,100],"ix":6},"sk":{"a":0,"k":0},"p":{"a":0,"k":[60.5,57.5,0],"ix":2},"r":{"a":0,"k":0,"ix":10},"sa":{"a":0,"k":0},"o":{"a":0,"k":100,"ix":11}},"ef":[],"shapes":[{"ty":"gr","bm":0,"cl":"","ln":"","hd":false,"mn":"ADBE Vector Group","nm":"Group 1","ix":1,"cix":2,"np":2,"it":[{"ty":"sh","bm":0,"cl":"","ln":"","hd":false,"mn":"ADBE Vector Shape - Group","nm":"Path 1","ix":1,"d":1,"ks":{"a":0,"k":{"c":true,"i":[[1.674,0],[0,0],[0,0],[1.895,0],[0,0],[0,1.895],[0,0],[0,0],[-1.174,1.174],[0,0],[-0.732,-0.733],[0,0]],"o":[[0,0],[0,0],[0,1.895],[0,0],[-1.895,0],[0,0],[0,0],[-1.674,0],[0,0],[0.732,-0.733],[0,0],[1.174,1.174]],"v":[[20.947,-16.617],[9.881,-16.617],[9.881,38.075],[6.451,41.505],[-6.451,41.505],[-9.881,38.075],[-9.881,-16.617],[-20.947,-16.617],[-22.284,-19.813],[-1.325,-40.772],[1.325,-40.772],[22.284,-19.813]]},"ix":2}},{"ty":"fl","bm":0,"cl":"","ln":"","hd":false,"mn":"ADBE Vector Graphic - Fill","nm":"Fill 1","c":{"a":0,"k":[0.0275,0.1373,0.251],"ix":4},"r":1,"o":{"a":0,"k":100,"ix":5}},{"ty":"tr","a":{"a":0,"k":[0,0],"ix":1},"s":{"a":0,"k":[100,100],"ix":3},"sk":{"a":0,"k":0,"ix":4},"p":{"a":0,"k":[23.708,41.755],"ix":2},"r":{"a":0,"k":0,"ix":6},"sa":{"a":0,"k":0,"ix":5},"o":{"a":0,"k":100,"ix":7}}]}],"ind":5,"parent":6},{"ty":4,"nm":"Top Up/Stories Layers Outlines","mn":"","sr":1,"st":0,"op":640,"ip":130,"hd":false,"cl":"","ln":"","ddd":0,"bm":0,"hasMask":false,"ao":0,"ks":{"a":{"a":0,"k":[61.5,61.5,0],"ix":1},"s":{"a":1,"k":[{"o":{"x":0.333,"y":0},"i":{"x":0.667,"y":1},"s":[0,0,100],"t":130},{"o":{"x":0.167,"y":0.167},"i":{"x":0.833,"y":0.833},"s":[250,250,100],"t":153}],"ix":6},"sk":{"a":0,"k":0},"p":{"a":0,"k":[1255,1580,0],"ix":2},"r":{"a":0,"k":0,"ix":10},"sa":{"a":0,"k":0},"o":{"a":0,"k":100,"ix":11}},"ef":[],"shapes":[{"ty":"gr","bm":0,"cl":"","ln":"","hd":false,"mn":"ADBE Vector Group","nm":"Group 1","ix":1,"cix":2,"np":2,"it":[{"ty":"sh","bm":0,"cl":"","ln":"","hd":false,"mn":"ADBE Vector Shape - Group","nm":"Path 1","ix":1,"d":1,"ks":{"a":0,"k":{"c":true,"i":[[0,-32.679],[32.679,0],[0,32.679],[-32.679,0]],"o":[[0,32.679],[-32.679,0],[0,-32.679],[32.679,0]],"v":[[59.171,0],[0,59.171],[-59.171,0],[0,-59.171]]},"ix":2}},{"ty":"fl","bm":0,"cl":"","ln":"","hd":false,"mn":"ADBE Vector Graphic - Fill","nm":"Fill 1","c":{"a":0,"k":[0.3529,0.7647,0.7569],"ix":4},"r":1,"o":{"a":0,"k":100,"ix":5}},{"ty":"tr","a":{"a":0,"k":[0,0],"ix":1},"s":{"a":0,"k":[100,100],"ix":3},"sk":{"a":0,"k":0,"ix":4},"p":{"a":0,"k":[59.421,59.421],"ix":2},"r":{"a":0,"k":0,"ix":6},"sa":{"a":0,"k":0,"ix":5},"o":{"a":0,"k":100,"ix":7}}]},{"ty":"gr","bm":0,"cl":"","ln":"","hd":false,"mn":"ADBE Vector Group","nm":"Group 2","ix":2,"cix":2,"np":2,"it":[{"ty":"sh","bm":0,"cl":"","ln":"","hd":false,"mn":"ADBE Vector Shape - Group","nm":"Path 1","ix":1,"d":1,"ks":{"a":0,"k":{"c":true,"i":[[0,-32.679],[32.679,0],[0,32.679],[-32.679,0]],"o":[[0,32.679],[-32.679,0],[0,-32.679],[32.679,0]],"v":[[59.171,0],[0,59.171],[-59.171,0],[0,-59.171]]},"ix":2}},{"ty":"fl","bm":0,"cl":"","ln":"","hd":false,"mn":"ADBE Vector Graphic - Fill","nm":"Fill 1","c":{"a":0,"k":[0.4941,0.2784,0.5686],"ix":4},"r":1,"o":{"a":0,"k":33,"ix":5}},{"ty":"tr","a":{"a":0,"k":[0,0],"ix":1},"s":{"a":0,"k":[100,100],"ix":3},"sk":{"a":0,"k":0,"ix":4},"p":{"a":0,"k":[63.421,63.421],"ix":2},"r":{"a":0,"k":0,"ix":6},"sa":{"a":0,"k":0,"ix":5},"o":{"a":0,"k":100,"ix":7}}]}],"ind":6},{"ty":4,"nm":"Umbrella 1/Stories Layers Outlines","mn":"","sr":1,"st":0,"op":640.640640640641,"ip":0,"hd":false,"cl":"","ln":"","ddd":0,"bm":0,"hasMask":false,"ao":0,"ks":{"a":{"a":0,"k":[12.5,13,0],"ix":1},"s":{"a":1,"k":[{"o":{"x":0.333,"y":0},"i":{"x":0.667,"y":1},"s":[250,250,100],"t":76},{"o":{"x":0.167,"y":0.167},"i":{"x":0.833,"y":0.833},"s":[250,287.5,100],"t":100}],"ix":6},"sk":{"a":0,"k":0},"p":{"a":1,"k":[{"o":{"x":0.333,"y":0},"i":{"x":0.667,"y":1},"s":[555,1340,0],"t":76},{"o":{"x":0.167,"y":0.167},"i":{"x":0.833,"y":0.833},"s":[552.5,1342.5,0],"t":100}],"ix":2},"r":{"a":1,"k":[{"o":{"x":0.333,"y":0},"i":{"x":0.667,"y":1},"s":[-90],"t":76},{"o":{"x":0.167,"y":0.167},"i":{"x":0.833,"y":0.833},"s":[0],"t":100}],"ix":10},"sa":{"a":0,"k":0},"o":{"a":0,"k":100,"ix":11}},"ef":[],"shapes":[{"ty":"gr","bm":0,"cl":"","ln":"","hd":false,"mn":"ADBE Vector Group","nm":"Group 1","ix":1,"cix":2,"np":2,"it":[{"ty":"sh","bm":0,"cl":"","ln":"","hd":false,"mn":"ADBE Vector Shape - Group","nm":"Path 1","ix":1,"d":1,"ks":{"a":0,"k":{"c":false,"i":[[0,0],[0,0]],"o":[[0,0],[0,0]],"v":[[12.293,238.774],[12.293,12.293]]},"ix":2}},{"ty":"st","bm":0,"cl":"","ln":"","hd":false,"mn":"ADBE Vector Graphic - Stroke","nm":"Stroke 1","lc":2,"lj":2,"ml":1,"o":{"a":0,"k":100,"ix":4},"w":{"a":0,"k":24.585,"ix":5},"d":[],"c":{"a":0,"k":[0.3529,0.7647,0.7569],"ix":3}},{"ty":"tr","a":{"a":0,"k":[0,0],"ix":1},"s":{"a":0,"k":[100,100],"ix":3},"sk":{"a":0,"k":0,"ix":4},"p":{"a":0,"k":[0,0],"ix":2},"r":{"a":0,"k":0,"ix":6},"sa":{"a":0,"k":0,"ix":5},"o":{"a":0,"k":100,"ix":7}}]},{"ty":"tm","bm":0,"cl":"","ln":"","hd":false,"mn":"ADBE Vector Filter - Trim","nm":"Trim Paths 1","ix":2,"e":{"a":0,"k":100,"ix":2},"o":{"a":0,"k":0,"ix":3},"s":{"a":1,"k":[{"o":{"x":0.333,"y":0},"i":{"x":0.667,"y":1},"s":[100],"t":45.379},{"o":{"x":0.167,"y":0.167},"i":{"x":0.833,"y":0.833},"s":[0],"t":60.060546875}],"ix":1},"m":1}],"ind":7},{"ty":4,"nm":"Umbrella/Stories Layers Outlines","mn":"","sr":1,"st":0,"op":640.640640640641,"ip":0,"hd":false,"cl":"","ln":"","ddd":0,"bm":0,"hasMask":false,"ao":0,"ks":{"a":{"a":0,"k":[344.5,203,0],"ix":1},"s":{"a":0,"k":[250,250,100],"ix":6},"sk":{"a":0,"k":0},"p":{"a":0,"k":[1260,985,0],"ix":2},"r":{"a":0,"k":0,"ix":10},"sa":{"a":0,"k":0},"o":{"a":0,"k":100,"ix":11}},"ef":[],"shapes":[{"ty":"gr","bm":0,"cl":"","ln":"","hd":false,"mn":"ADBE Vector Group","nm":"Group 1","ix":1,"cix":2,"np":2,"it":[{"ty":"sh","bm":0,"cl":"","ln":"","hd":false,"mn":"ADBE Vector Shape - Group","nm":"Path 1","ix":1,"d":1,"ks":{"a":0,"k":{"c":false,"i":[[0,0],[-156.146,0],[0,-156.146]],"o":[[0,-156.146],[156.147,0],[0,0]],"v":[[-282.728,141.364],[0,-141.364],[282.728,141.364]]},"ix":2}},{"ty":"st","bm":0,"cl":"","ln":"","hd":false,"mn":"ADBE Vector Graphic - Stroke","nm":"Stroke 1","lc":2,"lj":2,"ml":1,"o":{"a":0,"k":100,"ix":4},"w":{"a":0,"k":24.585,"ix":5},"d":[],"c":{"a":0,"k":[0.3529,0.7647,0.7569],"ix":3}},{"ty":"tr","a":{"a":0,"k":[0,0],"ix":1},"s":{"a":0,"k":[100,100],"ix":3},"sk":{"a":0,"k":0,"ix":4},"p":{"a":0,"k":[344.19,202.827],"ix":2},"r":{"a":0,"k":0,"ix":6},"sa":{"a":0,"k":0,"ix":5},"o":{"a":0,"k":100,"ix":7}}]},{"ty":"tm","bm":0,"cl":"","ln":"","hd":false,"mn":"ADBE Vector Filter - Trim","nm":"Trim Paths 1","ix":2,"e":{"a":0,"k":100,"ix":2},"o":{"a":0,"k":0,"ix":3},"s":{"a":1,"k":[{"o":{"x":0.333,"y":0},"i":{"x":0.667,"y":1},"s":[100],"t":22.689},{"o":{"x":0.167,"y":0.167},"i":{"x":0.833,"y":0.833},"s":[0],"t":49.3828125}],"ix":1},"m":1}],"ind":8},{"ty":4,"nm":"Umbrella 2/Stories Layers Outlines","mn":"","sr":1,"st":0,"op":640.640640640641,"ip":0,"hd":false,"cl":"","ln":"","ddd":0,"bm":0,"hasMask":false,"ao":0,"ks":{"a":{"a":0,"k":[621,61.5,0],"ix":1},"s":{"a":0,"k":[125,250,100],"ix":6},"sk":{"a":0,"k":0},"p":{"a":0,"k":[1967.5,1340,0],"ix":2},"r":{"a":1,"k":[{"o":{"x":0.333,"y":0},"i":{"x":0.667,"y":1},"s":[0],"t":76},{"o":{"x":0.167,"y":0.167},"i":{"x":0.833,"y":0.833},"s":[-90],"t":100}],"ix":10},"sa":{"a":0,"k":0},"o":{"a":0,"k":100,"ix":11}},"ef":[],"shapes":[{"ty":"gr","bm":0,"cl":"","ln":"","hd":false,"mn":"ADBE Vector Group","nm":"Group 1","ix":1,"cix":2,"np":2,"it":[{"ty":"sh","bm":0,"cl":"","ln":"","hd":false,"mn":"ADBE Vector Shape - Group","nm":"Path 1","ix":1,"d":1,"ks":{"a":0,"k":{"c":false,"i":[[0,0],[0,0],[0,0]],"o":[[0,0],[0,0],[0,0]],"v":[[61.462,61.462],[63.277,61.462],[619.733,61.462]]},"ix":2}},{"ty":"st","bm":0,"cl":"","ln":"","hd":false,"mn":"ADBE Vector Graphic - Stroke","nm":"Stroke 1","lc":2,"lj":2,"ml":1,"o":{"a":0,"k":100,"ix":4},"w":{"a":0,"k":24.585,"ix":5},"d":[],"c":{"a":0,"k":[0.3529,0.7647,0.7569],"ix":3}},{"ty":"tr","a":{"a":0,"k":[0,0],"ix":1},"s":{"a":0,"k":[100,100],"ix":3},"sk":{"a":0,"k":0,"ix":4},"p":{"a":0,"k":[0,0],"ix":2},"r":{"a":0,"k":0,"ix":6},"sa":{"a":0,"k":0,"ix":5},"o":{"a":0,"k":100,"ix":7}}]},{"ty":"tm","bm":0,"cl":"","ln":"","hd":false,"mn":"ADBE Vector Filter - Trim","nm":"Trim Paths 1","ix":2,"e":{"a":1,"k":[{"o":{"x":0.333,"y":0},"i":{"x":0.667,"y":1},"s":[0],"t":10.678},{"o":{"x":0.167,"y":0.167},"i":{"x":0.833,"y":0.833},"s":[100],"t":25.359375}],"ix":2},"o":{"a":0,"k":0,"ix":3},"s":{"a":0,"k":0,"ix":1},"m":1}],"ind":9},{"ty":4,"nm":"Umbrella 3/Stories Layers Outlines","mn":"","sr":1,"st":0,"op":640.640640640641,"ip":0,"hd":false,"cl":"","ln":"","ddd":0,"bm":0,"hasMask":false,"ao":0,"ks":{"a":{"a":0,"k":[12.5,12.5,0],"ix":1},"s":{"a":1,"k":[{"o":{"x":0.333,"y":0},"i":{"x":0.667,"y":1},"s":[250,250,100],"t":76},{"o":{"x":0.167,"y":0.167},"i":{"x":0.833,"y":0.833},"s":[250,612.5,100],"t":100}],"ix":6},"sk":{"a":0,"k":0},"p":{"a":1,"k":[{"o":{"x":0.333,"y":0},"i":{"x":0.667,"y":1},"s":[1282.5,1342.5,0],"t":76},{"o":{"x":0.167,"y":0.167},"i":{"x":0.833,"y":0.833},"s":[1967.5,2027.5,0],"t":100}],"ix":2},"r":{"a":1,"k":[{"o":{"x":0.333,"y":0},"i":{"x":0.667,"y":1},"s":[0],"t":76},{"o":{"x":0.167,"y":0.167},"i":{"x":0.833,"y":0.833},"s":[90],"t":100}],"ix":10},"sa":{"a":0,"k":0},"o":{"a":0,"k":100,"ix":11}},"ef":[],"shapes":[{"ty":"gr","bm":0,"cl":"","ln":"","hd":false,"mn":"ADBE Vector Group","nm":"Group 1","ix":1,"cix":2,"np":2,"it":[{"ty":"sh","bm":0,"cl":"","ln":"","hd":false,"mn":"ADBE Vector Shape - Group","nm":"Path 1","ix":1,"d":1,"ks":{"a":0,"k":{"c":false,"i":[[0,0],[0,0]],"o":[[0,0],[0,0]],"v":[[12.292,243.832],[12.292,12.292]]},"ix":2}},{"ty":"st","bm":0,"cl":"","ln":"","hd":false,"mn":"ADBE Vector Graphic - Stroke","nm":"Stroke 1","lc":2,"lj":2,"ml":1,"o":{"a":0,"k":100,"ix":4},"w":{"a":0,"k":24.585,"ix":5},"d":[],"c":{"a":0,"k":[0.3529,0.7647,0.7569],"ix":3}},{"ty":"tr","a":{"a":0,"k":[0,0],"ix":1},"s":{"a":0,"k":[100,100],"ix":3},"sk":{"a":0,"k":0,"ix":4},"p":{"a":0,"k":[0,0],"ix":2},"r":{"a":0,"k":0,"ix":6},"sa":{"a":0,"k":0,"ix":5},"o":{"a":0,"k":100,"ix":7}}]},{"ty":"tm","bm":0,"cl":"","ln":"","hd":false,"mn":"ADBE Vector Filter - Trim","nm":"Trim Paths 1","ix":2,"e":{"a":1,"k":[{"o":{"x":0.333,"y":0},"i":{"x":0.667,"y":1},"s":[0],"t":0},{"o":{"x":0.167,"y":0.167},"i":{"x":0.833,"y":0.833},"s":[100],"t":13.34765625}],"ix":2},"o":{"a":0,"k":0,"ix":3},"s":{"a":0,"k":0,"ix":1},"m":1}],"ind":10},{"ty":4,"nm":"Family/Stories Layers Outlines","mn":"","sr":1,"st":0,"op":640,"ip":99,"hd":false,"cl":"","ln":"","ddd":0,"bm":0,"hasMask":true,"ao":0,"ks":{"a":{"a":0,"k":[200,211,0],"ix":1},"s":{"a":0,"k":[272.1075,272.1075,100],"ix":6},"sk":{"a":0,"k":0},"p":{"a":1,"k":[{"o":{"x":0.333,"y":0},"i":{"x":0.667,"y":1},"s":[1249.395,2592.5,0],"t":100},{"o":{"x":0.167,"y":0.167},"i":{"x":0.833,"y":0.833},"s":[1249.395,1445,0],"t":130}],"ix":2},"r":{"a":0,"k":0,"ix":10},"sa":{"a":0,"k":0},"o":{"a":0,"k":100,"ix":11}},"ef":[],"masksProperties":[{"nm":"Mask 1","mn":"","inv":false,"mode":"a","x":{"a":0,"k":0,"ix":4},"o":{"a":0,"k":100,"ix":3},"pt":{"a":1,"k":[{"o":{"x":0.333,"y":0},"i":{"x":0.667,"y":1},"s":[{"c":true,"i":[[0,0],[0,0],[0,0],[0,0]],"o":[[0,0],[0,0],[0,0],[0,0]],"v":[[4.898,-414.924],[4.898,6.017],[402.896,6.017],[402.896,-414.924]]}],"t":100},{"o":{"x":0.167,"y":0.167},"i":{"x":0.833,"y":0.833},"s":[{"c":true,"i":[[0,0],[0,0],[0,0],[0,0]],"o":[[0,0],[0,0],[0,0],[0,0]],"v":[[1.223,0.354],[1.223,421.294],[399.221,421.294],[399.221,0.354]]}],"t":130}],"ix":1}}],"shapes":[{"ty":"gr","bm":0,"cl":"","ln":"","hd":false,"mn":"ADBE Vector Group","nm":"Group 1","ix":1,"cix":2,"np":2,"it":[{"ty":"sh","bm":0,"cl":"","ln":"","hd":false,"mn":"ADBE Vector Shape - Group","nm":"Path 1","ix":1,"d":1,"ks":{"a":0,"k":{"c":true,"i":[[1.834,5.917],[7.658,3.437],[-0.499,-0.821],[-1.906,-6.038],[0.018,-5.909],[3.333,-3.524],[2.999,-0.203],[-1.225,-0.85],[1.403,-0.913],[0.163,-0.118],[0.02,-0.014],[0.035,-0.03],[0.235,-0.238],[0.216,-0.258],[0,0.002],[0.026,-0.037],[0.077,-0.114],[0.422,-1.206],[0.263,-6.125],[1.824,-5.574],[1.155,0.296],[5.514,2.569],[-0.032,-0.035],[-1.723,-1.943],[-1.066,-2.107],[1.11,-1.945],[1.778,-0.549],[-0.63,-2.081],[1.371,0.098],[5.929,1.384],[10.395,1.937],[7.441,-0.913],[-7.07,-3.651],[-5.948,-3.074],[-5.948,-3.074],[-4.711,-1.374],[-1.859,1.956],[-1.04,2.49],[-4.052,9.597],[-2.631,10.838],[-0.64,15.114]],"o":[[-2.315,-7.466],[0.546,0.823],[3.289,5.415],[1.773,5.612],[-0.015,4.677],[-2.191,2.315],[0.95,1.155],[1.335,0.925],[-0.168,0.11],[-0.026,0.018],[-0.01,0.01],[-0.253,0.217],[-0.236,0.239],[-0.033,0.04],[-0.015,0.019],[-0.081,0.11],[-0.847,1.238],[-2.03,5.799],[-0.25,5.799],[-0.363,1.112],[-5.918,-1.515],[0.03,0.035],[1.705,1.958],[1.557,1.756],[0.95,1.877],[-0.937,1.641],[0.187,2.148],[0.38,1.255],[-6.079,-0.433],[-10.287,-2.404],[-7.448,-1.389],[7.323,2.713],[5.948,3.074],[5.949,3.075],[4.359,2.253],[2.591,0.756],[1.861,-1.956],[3.988,-9.555],[4.357,-10.322],[2.816,-14.862],[0.263,-6.189]],"v":[[53.237,-58.097],[36.847,-75.026],[38.416,-72.554],[46.184,-55.202],[49.207,-37.737],[44.981,-24.385],[36.923,-20.87],[40.074,-17.67],[40.074,-13.993],[39.577,-13.654],[39.521,-13.615],[39.457,-13.557],[38.723,-12.88],[38.049,-12.132],[38.006,-12.083],[37.945,-11.999],[37.708,-11.663],[35.919,-8.078],[33.538,10.029],[31.529,27.592],[28.909,29.08],[12.075,22.141],[12.165,22.249],[17.404,28.012],[21.655,33.723],[22.049,39.801],[17.634,42.901],[18.196,49.317],[16.142,52.013],[-1.877,49.123],[-32.634,41.488],[-55.071,40.525],[-32.916,47.544],[-15.072,56.765],[2.774,65.987],[15.93,74.27],[23.222,71.809],[27.201,64.812],[40.87,37.178],[50.46,5.495],[54.564,-39.656]]},"ix":2}},{"ty":"fl","bm":0,"cl":"","ln":"","hd":false,"mn":"ADBE Vector Graphic - Fill","nm":"Fill 1","c":{"a":0,"k":[0.5804,0.3333,0.6314],"ix":4},"r":1,"o":{"a":0,"k":100,"ix":5}},{"ty":"tr","a":{"a":0,"k":[0,0],"ix":1},"s":{"a":0,"k":[100,100],"ix":3},"sk":{"a":0,"k":0,"ix":4},"p":{"a":0,"k":[344.476,270.638],"ix":2},"r":{"a":0,"k":0,"ix":6},"sa":{"a":0,"k":0,"ix":5},"o":{"a":0,"k":100,"ix":7}}]},{"ty":"gr","bm":0,"cl":"","ln":"","hd":false,"mn":"ADBE Vector Group","nm":"Group 2","ix":2,"cix":2,"np":2,"it":[{"ty":"sh","bm":0,"cl":"","ln":"","hd":false,"mn":"ADBE Vector Shape - Group","nm":"Path 1","ix":1,"d":1,"ks":{"a":0,"k":{"c":true,"i":[[8.47,-18.255],[2.2,-8.485],[4.858,-7.414],[0.492,-4.977],[-0.324,-0.582],[-0.757,-0.297],[-7.314,-3.778],[-5.949,-3.074],[-5.948,-3.074],[-4.71,-1.374],[-1.859,1.956],[-1.04,2.491],[-4.052,9.596],[-2.631,10.838],[-0.64,15.113],[1.834,5.917],[14.553,-7.716]],"o":[[-1.967,8.408],[-2.235,8.624],[-2.74,4.183],[-0.067,0.663],[0.396,0.71],[7.542,2.961],[5.948,3.074],[5.948,3.075],[4.359,2.253],[2.591,0.756],[1.861,-1.956],[3.988,-9.554],[4.357,-10.323],[2.816,-14.861],[0.263,-6.19],[-4.859,-15.67],[-18.427,9.77]],"v":[[-28.153,-21.335],[-36.821,3.855],[-50.46,27.411],[-56.512,40.971],[-56.267,42.923],[-54.309,44.292],[-31.395,51.594],[-13.551,60.815],[4.295,70.036],[17.45,78.32],[24.743,75.859],[28.722,68.862],[42.39,41.229],[51.98,9.545],[56.085,-35.605],[54.757,-54.047],[12.423,-71.359]]},"ix":2}},{"ty":"fl","bm":0,"cl":"","ln":"","hd":false,"mn":"ADBE Vector Graphic - Fill","nm":"Fill 1","c":{"a":0,"k":[0.6196,0.4,0.6627],"ix":4},"r":1,"o":{"a":0,"k":100,"ix":5}},{"ty":"tr","a":{"a":0,"k":[0,0],"ix":1},"s":{"a":0,"k":[100,100],"ix":3},"sk":{"a":0,"k":0,"ix":4},"p":{"a":0,"k":[342.955,266.588],"ix":2},"r":{"a":0,"k":0,"ix":6},"sa":{"a":0,"k":0,"ix":5},"o":{"a":0,"k":100,"ix":7}}]},{"ty":"gr","bm":0,"cl":"","ln":"","hd":false,"mn":"ADBE Vector Group","nm":"Group 3","ix":3,"cix":2,"np":2,"it":[{"ty":"sh","bm":0,"cl":"","ln":"","hd":false,"mn":"ADBE Vector Shape - Group","nm":"Path 1","ix":1,"d":1,"ks":{"a":0,"k":{"c":true,"i":[[-0.112,0.733],[-0.019,0.086],[-0.095,0.908],[-0.149,2.2],[-0.077,4.441],[0.036,5.494],[0,0],[14.273,-12.249],[0.293,-7.513],[3.274,-8.492],[2.588,-3.038],[3.506,-1.869],[8.898,-1.544],[9.133,-0.997],[4.624,-0.405],[5.631,0.027],[5.552,-0.242],[5.301,-0.753],[9.774,-0.097],[7.971,4.574],[2.928,9.165],[0.023,0.021],[0.248,1.251],[-2.459,-4.715],[-11.606,-1.818],[-15.352,5.063],[-3.16,0.512],[-3.894,-0.343],[-40.54,34.124],[-7.633,7.463],[-0.81,0.811]],"o":[[0.15,-1.039],[0.109,-0.906],[0.227,-2.193],[0.301,-4.432],[0.096,-5.493],[0,0],[-12.659,13.91],[0.659,7.491],[-0.352,9.042],[-1.432,3.712],[-2.592,3.046],[-8.021,4.273],[-9.059,1.571],[-4.614,0.504],[-5.613,0.492],[-5.556,-0.028],[-5.36,0.234],[-9.656,1.371],[-9.048,0.091],[-8.517,-4.887],[-0.025,-0.021],[-0.961,-0.941],[-4.072,3.779],[5.371,10.299],[15.796,2.475],[3.04,-1.002],[3.859,-0.625],[52.786,4.64],[8.114,-6.831],[0.82,-0.802],[0.029,-0.746]],"v":[[137.224,-11.704],[137.475,-13.376],[137.786,-16.096],[138.345,-22.687],[138.875,-36.001],[138.911,-52.482],[115.811,-69.882],[75.342,-30.618],[76.002,-8.081],[71.269,18.662],[65.33,28.97],[55.761,36.192],[29.845,44.192],[2.5,47.597],[-11.328,49.269],[-28.213,49.772],[-44.88,49.892],[-60.767,51.698],[-89.886,54.694],[-116.348,49.059],[-133.095,26.734],[-133.175,26.684],[-134.899,23.319],[-132.609,46.099],[-105.564,66.297],[-56.456,64.819],[-47.262,62.088],[-35.569,62.26],[112.131,15.599],[134.583,-7.053],[137.022,-9.479]]},"ix":2}},{"ty":"fl","bm":0,"cl":"","ln":"","hd":false,"mn":"ADBE Vector Graphic - Fill","nm":"Fill 1","c":{"a":0,"k":[0.8824,0.7216,0.5294],"ix":4},"r":1,"o":{"a":0,"k":100,"ix":5}},{"ty":"tr","a":{"a":0,"k":[0,0],"ix":1},"s":{"a":0,"k":[100,100],"ix":3},"sk":{"a":0,"k":0,"ix":4},"p":{"a":0,"k":[239.949,325.12],"ix":2},"r":{"a":0,"k":0,"ix":6},"sa":{"a":0,"k":0,"ix":5},"o":{"a":0,"k":100,"ix":7}}]},{"ty":"gr","bm":0,"cl":"","ln":"","hd":false,"mn":"ADBE Vector Group","nm":"Group 4","ix":4,"cix":2,"np":2,"it":[{"ty":"sh","bm":0,"cl":"","ln":"","hd":false,"mn":"ADBE Vector Shape - Group","nm":"Path 1","ix":1,"d":1,"ks":{"a":0,"k":{"c":true,"i":[[0.355,12.541],[-2.419,2.476],[0,0],[51.064,-25.314],[8.379,-0.219],[10.526,11.161],[0.828,-6.262],[-2.28,-4.121],[1.395,-0.713],[0.504,0.019],[8.042,7.215],[3.528,2.133],[-3.375,-6.47],[-11.606,-1.819],[-15.352,5.063],[-3.16,0.511],[-3.894,-0.343],[-40.54,34.124],[-7.406,7.323]],"o":[[-0.107,-3.783],[0,0],[-38.361,42.152],[-7.51,3.721],[-15.655,0.409],[-3.607,-3.825],[-0.676,5.117],[0.758,1.371],[-0.449,0.231],[-10.254,-0.383],[-3.069,-2.754],[-15.556,-9.408],[5.371,10.299],[15.796,2.474],[3.04,-1.002],[3.859,-0.625],[52.787,4.64],[7.918,-6.666],[1.84,-11.514]],"v":[[137.135,-42.218],[140.966,-51.787],[116.943,-69.882],[-18.764,32.502],[-42.539,40.027],[-85.02,21.836],[-93.973,21.014],[-86.51,36.671],[-86.682,40.856],[-88.165,41.062],[-116.299,32.825],[-125.41,24.505],[-131.477,46.098],[-104.432,66.297],[-55.324,64.819],[-46.131,62.088],[-34.438,62.26],[113.263,15.598],[135.168,-6.504]]},"ix":2}},{"ty":"fl","bm":0,"cl":"","ln":"","hd":false,"mn":"ADBE Vector Graphic - Fill","nm":"Fill 1","c":{"a":0,"k":[0.9294,0.7608,0.5373],"ix":4},"r":1,"o":{"a":0,"k":100,"ix":5}},{"ty":"tr","a":{"a":0,"k":[0,0],"ix":1},"s":{"a":0,"k":[100,100],"ix":3},"sk":{"a":0,"k":0,"ix":4},"p":{"a":0,"k":[238.817,325.12],"ix":2},"r":{"a":0,"k":0,"ix":6},"sa":{"a":0,"k":0,"ix":5},"o":{"a":0,"k":100,"ix":7}}]},{"ty":"gr","bm":0,"cl":"","ln":"","hd":false,"mn":"ADBE Vector Group","nm":"Group 5","ix":5,"cix":2,"np":2,"it":[{"ty":"sh","bm":0,"cl":"","ln":"","hd":false,"mn":"ADBE Vector Shape - Group","nm":"Path 1","ix":1,"d":1,"ks":{"a":0,"k":{"c":true,"i":[[-0.229,-2.64],[-2.64,0.229],[0.23,2.64],[2.64,-0.229]],"o":[[0.229,2.64],[2.639,-0.23],[-0.229,-2.64],[-2.639,0.23]],"v":[[-4.78,0.415],[0.415,4.779],[4.779,-0.416],[-0.416,-4.779]]},"ix":2}},{"ty":"fl","bm":0,"cl":"","ln":"","hd":false,"mn":"ADBE Vector Graphic - Fill","nm":"Fill 1","c":{"a":0,"k":[1,1,1],"ix":4},"r":1,"o":{"a":0,"k":100,"ix":5}},{"ty":"tr","a":{"a":0,"k":[0,0],"ix":1},"s":{"a":0,"k":[100,100],"ix":3},"sk":{"a":0,"k":0,"ix":4},"p":{"a":0,"k":[86.785,123.791],"ix":2},"r":{"a":0,"k":0,"ix":6},"sa":{"a":0,"k":0,"ix":5},"o":{"a":0,"k":100,"ix":7}}]},{"ty":"gr","bm":0,"cl":"","ln":"","hd":false,"mn":"ADBE Vector Group","nm":"Group 6","ix":6,"cix":2,"np":2,"it":[{"ty":"sh","bm":0,"cl":"","ln":"","hd":false,"mn":"ADBE Vector Shape - Group","nm":"Path 1","ix":1,"d":1,"ks":{"a":0,"k":{"c":true,"i":[[14.637,-12.141],[5.44,-2.824],[3.943,0.741],[2.428,2.021],[8.937,7.445],[1.263,2.035],[0.339,6.659],[-3.303,6.2],[-3.146,-0.833],[-1.257,-0.004],[-1.409,2.738],[-17.494,-8.895],[1.009,-12.684]],"o":[[-4.703,3.901],[-3.561,1.849],[-3.105,-0.583],[-8.937,-7.446],[-1.841,-1.533],[-4.129,-6.651],[-0.3,-5.892],[1.53,-2.871],[1.215,0.321],[3.079,0.01],[10.302,-20.026],[11.076,5.631],[-1.451,18.221]],"v":[[24.67,35.468],[8.192,44.641],[-3.238,47.583],[-11.344,42.885],[-38.157,20.549],[-43.133,15.412],[-42.977,-3.445],[-47.68,-19.454],[-39.386,-23.07],[-35.758,-22.105],[-29.602,-28.298],[35.394,-39.345],[49.975,-15.678]]},"ix":2}},{"ty":"fl","bm":0,"cl":"","ln":"","hd":false,"mn":"ADBE Vector Graphic - Fill","nm":"Fill 1","c":{"a":0,"k":[0.9294,0.7373,0.3216],"ix":4},"r":1,"o":{"a":0,"k":100,"ix":5}},{"ty":"tr","a":{"a":0,"k":[0,0],"ix":1},"s":{"a":0,"k":[100,100],"ix":3},"sk":{"a":0,"k":0,"ix":4},"p":{"a":0,"k":[131.756,129.997],"ix":2},"r":{"a":0,"k":0,"ix":6},"sa":{"a":0,"k":0,"ix":5},"o":{"a":0,"k":100,"ix":7}}]},{"ty":"gr","bm":0,"cl":"","ln":"","hd":false,"mn":"ADBE Vector Group","nm":"Group 7","ix":7,"cix":2,"np":2,"it":[{"ty":"sh","bm":0,"cl":"","ln":"","hd":false,"mn":"ADBE Vector Shape - Group","nm":"Path 1","ix":1,"d":1,"ks":{"a":0,"k":{"c":true,"i":[[14.231,3.288],[13.924,-8.386],[6.54,-11.023],[0.909,-15.495],[-4.83,-15.07],[-4.603,-4.845],[-0.094,8.517],[-3.597,13.073],[-16.858,5.849],[-10.188,4.158],[-0.593,9.855]],"o":[[-15.669,-3.62],[-10.406,6.268],[-7.609,12.822],[-0.923,15.719],[1.998,6.235],[8.7,9.157],[0.149,-13.504],[5.206,-18.92],[10.365,-3.596],[6.477,-2.644],[1.081,-17.964]],"v":[[27.068,-75.648],[-18.654,-65.218],[-45.443,-39.885],[-56.527,4.274],[-51.595,51.318],[-42.406,70.11],[-31.751,62.988],[-27.069,22.786],[6.762,-19.617],[38.757,-26.313],[56.368,-39.644]]},"ix":2}},{"ty":"fl","bm":0,"cl":"","ln":"","hd":false,"mn":"ADBE Vector Graphic - Fill","nm":"Fill 1","c":{"a":0,"k":[0.0314,0.1373,0.2431],"ix":4},"r":1,"o":{"a":0,"k":100,"ix":5}},{"ty":"tr","a":{"a":0,"k":[0,0],"ix":1},"s":{"a":0,"k":[100,100],"ix":3},"sk":{"a":0,"k":0,"ix":4},"p":{"a":0,"k":[124.179,137.656],"ix":2},"r":{"a":0,"k":0,"ix":6},"sa":{"a":0,"k":0,"ix":5},"o":{"a":0,"k":100,"ix":7}}]},{"ty":"gr","bm":0,"cl":"","ln":"","hd":false,"mn":"ADBE Vector Group","nm":"Group 8","ix":8,"cix":2,"np":2,"it":[{"ty":"sh","bm":0,"cl":"","ln":"","hd":false,"mn":"ADBE Vector Shape - Group","nm":"Path 1","ix":1,"d":1,"ks":{"a":0,"k":{"c":true,"i":[[3.281,8.658],[19.718,3.251],[14.625,-10.341],[4.278,-20.913],[-4.023,-22.054],[0.527,-8.633],[-5.15,-3.151],[-1.376,7.472],[-7.208,6.91],[-4.046,1.276],[-11.124,3.507],[-6.397,8.033],[-2.711,6.8]],"o":[[-7.083,-18.686],[-17.673,-2.914],[-17.429,12.325],[-4.508,22.045],[1.543,8.456],[-0.288,4.733],[10.164,6.221],[1.807,-9.82],[3.062,-2.936],[11.124,-3.507],[9.793,-3.087],[4.839,-6.078],[3.508,-8.803]],"v":[[64.63,-53.651],[19.26,-88.575],[-31.795,-76.834],[-64.432,-23.499],[-62.785,42.258],[-60.204,68.002],[-60.602,85.268],[-27.663,49.739],[-20.805,21.274],[-9.498,15.698],[23.874,5.177],[50.452,-9.428],[65.431,-24.595]]},"ix":2}},{"ty":"fl","bm":0,"cl":"","ln":"","hd":false,"mn":"ADBE Vector Graphic - Fill","nm":"Fill 1","c":{"a":0,"k":[0.0314,0.1373,0.2431],"ix":4},"r":1,"o":{"a":0,"k":100,"ix":5}},{"ty":"tr","a":{"a":0,"k":[0,0],"ix":1},"s":{"a":0,"k":[100,100],"ix":3},"sk":{"a":0,"k":0,"ix":4},"p":{"a":0,"k":[116.808,121.651],"ix":2},"r":{"a":0,"k":0,"ix":6},"sa":{"a":0,"k":0,"ix":5},"o":{"a":0,"k":100,"ix":7}}]},{"ty":"gr","bm":0,"cl":"","ln":"","hd":false,"mn":"ADBE Vector Group","nm":"Group 9","ix":9,"cix":2,"np":2,"it":[{"ty":"sh","bm":0,"cl":"","ln":"","hd":false,"mn":"ADBE Vector Shape - Group","nm":"Path 1","ix":1,"d":1,"ks":{"a":0,"k":{"c":true,"i":[[11.575,-14.291],[3.483,-6.876],[-1.085,-7.276],[-6.432,-2.235],[-13.391,-4.794],[-5.385,16.855],[-3.862,15.944],[0.654,0.699],[0.533,0.112],[3.728,-0.998]],"o":[[-4.851,5.988],[-3.31,6.533],[1.051,7.048],[13.494,4.687],[5.903,-16.681],[4.942,-15.467],[0.225,-0.931],[-0.372,-0.398],[-3.777,-0.793],[-17.489,4.675]],"v":[[-18.921,-21.153],[-31.141,-1.237],[-40.447,29.257],[-25.857,40.234],[15.634,50.796],[22.505,-1.638],[41.141,-46.597],[40.878,-49.334],[39.417,-50.004],[27.993,-48.986]]},"ix":2}},{"ty":"fl","bm":0,"cl":"","ln":"","hd":false,"mn":"ADBE Vector Graphic - Fill","nm":"Fill 1","c":{"a":0,"k":[0.5804,0.3333,0.6314],"ix":4},"r":1,"o":{"a":0,"k":100,"ix":5}},{"ty":"tr","a":{"a":0,"k":[0,0],"ix":1},"s":{"a":0,"k":[100,100],"ix":3},"sk":{"a":0,"k":0,"ix":4},"p":{"a":0,"k":[41.781,239.536],"ix":2},"r":{"a":0,"k":0,"ix":6},"sa":{"a":0,"k":0,"ix":5},"o":{"a":0,"k":100,"ix":7}}]},{"ty":"gr","bm":0,"cl":"","ln":"","hd":false,"mn":"ADBE Vector Group","nm":"Group 10","ix":10,"cix":2,"np":2,"it":[{"ty":"sh","bm":0,"cl":"","ln":"","hd":false,"mn":"ADBE Vector Shape - Group","nm":"Path 1","ix":1,"d":1,"ks":{"a":0,"k":{"c":true,"i":[[7.774,-4.026],[9.033,-2.288],[22.66,1.648],[10.931,2.656],[6.523,0.949],[6.342,2.839],[1.369,5.442],[-0.437,7.384],[-2.031,5.833],[-0.564,0],[-5.392,7.046],[-0.31,2.838],[-0.01,19.638],[0,0],[4.47,-11.121],[-2.041,-29.824],[-5.702,-8.069],[-7.968,-2.442],[-14.445,-0.01],[-18.729,1.82],[-16.738,5.839],[-1.706,13.576],[-0.001,0.649]],"o":[[-8.297,4.296],[-22.022,5.579],[-11.219,-0.817],[-6.413,-1.558],[-6.813,-0.99],[-5.371,-2.403],[-1.812,-7.207],[0.363,-6.13],[0.178,-0.509],[8.206,0],[-0.115,-2.837],[2.127,-19.466],[0,0],[-9.497,7.312],[-11.512,28.645],[0.624,9.181],[4.907,6.941],[13.811,4.235],[18.825,0.015],[17.233,-1.674],[11.636,-4.059],[0.096,-0.759],[-6.109,6.265]],"v":[[87.262,56.895],[61.003,66.339],[-6.622,72.332],[-39.936,67.141],[-59.424,63.925],[-79.837,59.213],[-89.026,45.922],[-90.589,23.689],[-87.529,5.295],[-86.357,4.403],[-62.094,-2.573],[-61.923,-11.082],[-58.229,-69.462],[-75.823,-80.477],[-96.676,-51.707],[-100.591,38.697],[-95.488,62.324],[-74.409,76.169],[-31.457,80.462],[24.897,77.378],[76.65,73.269],[108.06,43.397],[108.188,41.307]]},"ix":2}},{"ty":"fl","bm":0,"cl":"","ln":"","hd":false,"mn":"ADBE Vector Graphic - Fill","nm":"Fill 1","c":{"a":0,"k":[0.9137,0.6549,0.1373],"ix":4},"r":1,"o":{"a":0,"k":100,"ix":5}},{"ty":"tr","a":{"a":0,"k":[0,0],"ix":1},"s":{"a":0,"k":[100,100],"ix":3},"sk":{"a":0,"k":0,"ix":4},"p":{"a":0,"k":[118.27,290.51],"ix":2},"r":{"a":0,"k":0,"ix":6},"sa":{"a":0,"k":0,"ix":5},"o":{"a":0,"k":100,"ix":7}}]},{"ty":"gr","bm":0,"cl":"","ln":"","hd":false,"mn":"ADBE Vector Group","nm":"Group 11","ix":11,"cix":2,"np":2,"it":[{"ty":"sh","bm":0,"cl":"","ln":"","hd":false,"mn":"ADBE Vector Shape - Group","nm":"Path 1","ix":1,"d":1,"ks":{"a":0,"k":{"c":false,"i":[[0,0],[4.47,-11.121],[-2.041,-29.824],[-5.702,-8.068],[-7.967,-2.442],[-14.445,-0.011],[-18.729,1.819],[-16.738,5.838],[-1.705,13.576],[6.48,-4.311],[9.309,0.275],[0.362,4.099],[0.271,0.492],[0.798,-1.285],[5.254,-1.184],[10.963,1.427],[14.822,4.63],[3.599,4.127],[-0.515,9.285],[-0.791,7.242],[-0.01,19.639]],"o":[[-9.497,7.312],[-11.512,28.645],[0.624,9.182],[4.907,6.942],[13.811,4.234],[18.825,0.015],[17.233,-1.674],[11.636,-4.059],[2.118,-16.865],[-7.753,5.159],[-0.361,-4.099],[-0.049,-0.559],[-3.713,-6.742],[-2.94,4.735],[-10.976,2.474],[-15.398,-2.004],[-5.227,-1.632],[-7.087,-8.122],[0.404,-7.293],[2.128,-19.467],[0,0]],"v":[[-76.818,-80.477],[-97.671,-51.707],[-101.587,38.696],[-96.484,62.323],[-75.404,76.169],[-32.452,80.462],[23.902,77.378],[75.655,73.269],[107.065,43.397],[80.742,42.088],[55.516,52.92],[54.431,40.623],[54.056,38.994],[44.966,48.863],[31.757,57.024],[-1.892,55.829],[-47.336,45.858],[-61.592,38.143],[-62.751,10.674],[-62.918,-11.082],[-59.225,-69.463]]},"ix":2}},{"ty":"fl","bm":0,"cl":"","ln":"","hd":false,"mn":"ADBE Vector Graphic - Fill","nm":"Fill 1","c":{"a":0,"k":[0.9294,0.7373,0.3216],"ix":4},"r":1,"o":{"a":0,"k":100,"ix":5}},{"ty":"tr","a":{"a":0,"k":[0,0],"ix":1},"s":{"a":0,"k":[100,100],"ix":3},"sk":{"a":0,"k":0,"ix":4},"p":{"a":0,"k":[119.266,290.51],"ix":2},"r":{"a":0,"k":0,"ix":6},"sa":{"a":0,"k":0,"ix":5},"o":{"a":0,"k":100,"ix":7}}]},{"ty":"gr","bm":0,"cl":"","ln":"","hd":false,"mn":"ADBE Vector Group","nm":"Group 12","ix":12,"cix":2,"np":2,"it":[{"ty":"sh","bm":0,"cl":"","ln":"","hd":false,"mn":"ADBE Vector Shape - Group","nm":"Path 1","ix":1,"d":1,"ks":{"a":0,"k":{"c":true,"i":[[-0.331,-0.25],[-14.331,4.907],[-0.301,2.86],[7.376,1.004],[0.358,0.062],[5.559,-3.385],[0.695,-1.098],[0.042,-3.136]],"o":[[11.984,9.064],[1.258,-2.566],[0.981,-9.321],[-0.427,-0.058],[-6.41,-1.127],[-1.11,0.675],[-1.317,2.08],[0.357,0.186]],"v":[[-23.3,2.818],[20.945,7.766],[23.355,-0.407],[0.109,-11.273],[-1.071,-11.453],[-20.042,-9.288],[-22.9,-6.688],[-24.337,2.176]]},"ix":2}},{"ty":"fl","bm":0,"cl":"","ln":"","hd":false,"mn":"ADBE Vector Graphic - Fill","nm":"Fill 1","c":{"a":0,"k":[0.8824,0.7216,0.5294],"ix":4},"r":1,"o":{"a":0,"k":100,"ix":5}},{"ty":"tr","a":{"a":0,"k":[0,0],"ix":1},"s":{"a":0,"k":[100,100],"ix":3},"sk":{"a":0,"k":0,"ix":4},"p":{"a":0,"k":[68.66,369.724],"ix":2},"r":{"a":0,"k":0,"ix":6},"sa":{"a":0,"k":0,"ix":5},"o":{"a":0,"k":100,"ix":7}}]},{"ty":"gr","bm":0,"cl":"","ln":"","hd":false,"mn":"ADBE Vector Group","nm":"Group 13","ix":13,"cix":2,"np":2,"it":[{"ty":"sh","bm":0,"cl":"","ln":"","hd":false,"mn":"ADBE Vector Shape - Group","nm":"Path 1","ix":1,"d":1,"ks":{"a":0,"k":{"c":true,"i":[[-0.426,-0.059],[0.981,-9.321],[6.659,-4.626],[8.034,-1.086],[2.313,3.086],[0.005,2.484],[-0.307,4.13],[-1.81,2.859],[-1.11,0.676],[-6.41,-1.127]],"o":[[7.376,1.004],[-0.849,8.063],[-6.657,4.626],[-3.821,0.516],[-1.489,-1.987],[-0.007,-4.13],[0.253,-3.379],[0.695,-1.099],[5.56,-3.384],[0.358,0.063]],"v":[[0.31,-18.938],[23.556,-8.072],[10.896,11.821],[-11.828,19.822],[-22.523,17.218],[-24.083,10.07],[-24.23,-2.289],[-22.699,-14.353],[-19.841,-16.954],[-0.868,-19.119]]},"ix":2}},{"ty":"fl","bm":0,"cl":"","ln":"","hd":false,"mn":"ADBE Vector Graphic - Fill","nm":"Fill 1","c":{"a":0,"k":[0.9294,0.7608,0.5373],"ix":4},"r":1,"o":{"a":0,"k":100,"ix":5}},{"ty":"tr","a":{"a":0,"k":[0,0],"ix":1},"s":{"a":0,"k":[100,100],"ix":3},"sk":{"a":0,"k":0,"ix":4},"p":{"a":0,"k":[68.459,377.389],"ix":2},"r":{"a":0,"k":0,"ix":6},"sa":{"a":0,"k":0,"ix":5},"o":{"a":0,"k":100,"ix":7}}]},{"ty":"gr","bm":0,"cl":"","ln":"","hd":false,"mn":"ADBE Vector Group","nm":"Group 14","ix":14,"cix":2,"np":2,"it":[{"ty":"sh","bm":0,"cl":"","ln":"","hd":false,"mn":"ADBE Vector Shape - Group","nm":"Path 1","ix":1,"d":1,"ks":{"a":0,"k":{"c":true,"i":[[2.02,-4.399],[5.921,-6.75],[4.527,-7.842],[0.974,-9.544],[1.73,2.263],[1.805,5.424],[-1.596,9.286],[-5.927,6.615],[-7.749,8.719],[-6.49,1.206],[1.759,-7.972]],"o":[[-3.786,8.248],[-5.922,6.753],[-4.982,8.63],[-0.696,6.826],[-3.477,-4.547],[-3.143,-9.443],[1.461,-8.501],[7.76,-8.66],[4.144,-4.663],[14.204,-2.641],[-1.041,4.719]],"v":[[24.351,-16.162],[9.365,6.457],[-7.837,27.35],[-12.098,53.497],[-22.175,51.355],[-30.391,35.864],[-28.817,9.176],[-19.394,-15.166],[4.001,-41.197],[19.33,-57.683],[29.006,-29.857]]},"ix":2}},{"ty":"fl","bm":0,"cl":"","ln":"","hd":false,"mn":"ADBE Vector Graphic - Fill","nm":"Fill 1","c":{"a":0,"k":[0.0314,0.1373,0.2431],"ix":4},"r":1,"o":{"a":0,"k":100,"ix":5}},{"ty":"tr","a":{"a":0,"k":[0,0],"ix":1},"s":{"a":0,"k":[100,100],"ix":3},"sk":{"a":0,"k":0,"ix":4},"p":{"a":0,"k":[160.848,154.16],"ix":2},"r":{"a":0,"k":0,"ix":6},"sa":{"a":0,"k":0,"ix":5},"o":{"a":0,"k":100,"ix":7}}]},{"ty":"gr","bm":0,"cl":"","ln":"","hd":false,"mn":"ADBE Vector Group","nm":"Group 15","ix":15,"cix":2,"np":2,"it":[{"ty":"sh","bm":0,"cl":"","ln":"","hd":false,"mn":"ADBE Vector Shape - Group","nm":"Path 1","ix":1,"d":1,"ks":{"a":0,"k":{"c":true,"i":[[0.836,-0.984],[11.703,-0.939],[5.003,2.74],[3.31,-0.954],[2.51,-1.472],[4.133,-1.07],[8.482,1.735],[2.137,1.6],[1.13,2.771],[-5.966,13.785],[2.106,-2.845],[2.93,3.608],[0.451,-12.09],[2.616,-1.575],[3.568,0.212],[-2.79,-10.609],[-0.533,-0.539],[-1.492,0.37],[-4.429,1.098],[-2.205,1.722],[-1.254,2.073],[-7.465,6.376],[-5.097,4.504],[-3.705,3.35],[-1.462,-0.241],[-2.417,-0.394],[-3.023,-0.184],[-5.359,1.934],[-3.824,3.268],[-1.596,1.945],[-0.101,0.161]],"o":[[-7.533,8.865],[-5.646,0.453],[-2.755,-1.507],[-2.844,0.818],[-3.687,2.161],[-8.398,2.171],[-2.615,-0.536],[-2.396,-1.793],[-5.677,-13.907],[-2.107,2.844],[0.195,-4.644],[2.301,11.878],[-0.108,2.906],[-3.189,1.921],[-1.661,9.93],[0.193,0.733],[1.08,1.093],[4.429,-1.097],[2.716,-0.672],[1.909,-1.49],[5.087,-8.406],[5.173,-4.418],[3.74,-3.305],[1.1,-0.994],[2.342,0.386],[2.984,0.486],[5.684,0.345],[4.734,-1.709],[1.913,-1.635],[0.953,-1.16],[-0.654,1.055]],"v":[[66.76,-18.143],[36.232,-1.811],[19.739,-5.035],[12.712,-7.345],[5.027,-2.775],[-6.804,2.04],[-32.623,2.54],[-40.032,-0.318],[-45.075,-7.609],[-42.161,-51.382],[-48.481,-42.846],[-52.772,-55.796],[-51.364,-19.612],[-53.964,-10.306],[-66.954,-8.913],[-65.925,52.664],[-64.978,54.702],[-60.603,55.134],[-47.314,51.84],[-39.589,48.73],[-35.13,43.047],[-14.838,22.944],[0.589,9.583],[10.551,-1.438],[14.576,-2.94],[20.898,-0.353],[29.889,0.982],[46.69,-1.393],[59.651,-8.97],[64.93,-14.353],[68.715,-21.186]]},"ix":2}},{"ty":"fl","bm":0,"cl":"","ln":"","hd":false,"mn":"ADBE Vector Graphic - Fill","nm":"Fill 1","c":{"a":0,"k":[0.4941,0.2784,0.5686],"ix":4},"r":1,"o":{"a":0,"k":100,"ix":5}},{"ty":"tr","a":{"a":0,"k":[0,0],"ix":1},"s":{"a":0,"k":[100,100],"ix":3},"sk":{"a":0,"k":0,"ix":4},"p":{"a":0,"k":[114.226,300.798],"ix":2},"r":{"a":0,"k":0,"ix":6},"sa":{"a":0,"k":0,"ix":5},"o":{"a":0,"k":100,"ix":7}}]},{"ty":"gr","bm":0,"cl":"","ln":"","hd":false,"mn":"ADBE Vector Group","nm":"Group 16","ix":16,"cix":2,"np":2,"it":[{"ty":"sh","bm":0,"cl":"","ln":"","hd":false,"mn":"ADBE Vector Shape - Group","nm":"Path 1","ix":1,"d":1,"ks":{"a":0,"k":{"c":true,"i":[[-0.227,-5.434],[3.404,-13.268],[0,0],[0,0],[4.233,-0.561],[1.365,3.447],[-0.413,3.739],[0.649,-0.037],[-1.142,0.594],[-3.095,0.983],[-3.252,4.944],[-4.062,-0.608],[-1.541,-1.084],[-22.146,13.284],[13.276,6.543],[16.808,6.633],[6.432,1.64],[0.094,3.452],[-0.934,-9.335]],"o":[[0.595,14.322],[0,0],[0,0],[-4.232,0.561],[-3.673,0.486],[3.234,-1.87],[-0.602,-0.244],[0.377,-0.021],[2.923,-1.517],[5.552,-1.764],[2.257,-3.431],[1.864,0.279],[21.126,14.853],[-14.801,-0.032],[-16.321,-8.042],[-6.113,-2.412],[-2.881,-0.734],[0.257,9.453],[0.54,5.398]],"v":[[-60.339,2.131],[-68.714,42.309],[-40.589,42.309],[-29.387,37.958],[-42.084,39.64],[-51.887,36.572],[-45.072,27.39],[-46.949,27.079],[-40.956,21.664],[-31.68,18.753],[-19.059,8.943],[-9.475,2.353],[-4.49,4.901],[68.714,7.555],[27.454,-7.598],[-23.373,-26.139],[-41.11,-33.466],[-63.46,-42.309],[-61.787,-14.089]]},"ix":2}},{"ty":"fl","bm":0,"cl":"","ln":"","hd":false,"mn":"ADBE Vector Graphic - Fill","nm":"Fill 1","c":{"a":0,"k":[0.4941,0.2784,0.5686],"ix":4},"r":1,"o":{"a":0,"k":100,"ix":5}},{"ty":"tr","a":{"a":0,"k":[0,0],"ix":1},"s":{"a":0,"k":[100,100],"ix":3},"sk":{"a":0,"k":0,"ix":4},"p":{"a":0,"k":[110.851,378.985],"ix":2},"r":{"a":0,"k":0,"ix":6},"sa":{"a":0,"k":0,"ix":5},"o":{"a":0,"k":100,"ix":7}}]},{"ty":"gr","bm":0,"cl":"","ln":"","hd":false,"mn":"ADBE Vector Group","nm":"Group 17","ix":17,"cix":2,"np":2,"it":[{"ty":"sh","bm":0,"cl":"","ln":"","hd":false,"mn":"ADBE Vector Shape - Group","nm":"Path 1","ix":1,"d":1,"ks":{"a":0,"k":{"c":true,"i":[[-0.227,-5.434],[3.403,-13.268],[0,0],[1.528,12.579],[0.315,11.62],[-1.89,23.408],[3.041,14.021],[2.589,9.846],[7.044,2.638],[3.07,1.442],[-0.135,-0.427],[8.717,-4.779],[7.249,7.055],[2.781,7.48],[4.183,-1.191],[2.445,-1.34],[2.434,-4.009],[0.634,-1.737],[0.047,-32.246],[-2.253,-22.51]],"o":[[0.595,14.322],[0,0],[-2.15,-12.484],[-1.401,-11.531],[-0.641,-23.641],[1.172,-14.511],[-2.777,-9.718],[-2.089,-7.944],[-3.213,-1.204],[-0.85,-0.4],[2.885,9.086],[-8.869,4.862],[-5.774,-5.618],[-1.102,-2.964],[-2.723,0.776],[-4.037,2.213],[-0.959,1.58],[-10.995,30.151],[-0.032,22.593],[0.54,5.398]],"v":[[-63.47,78.195],[-71.845,118.373],[71.845,118.373],[66.151,80.781],[63.443,46.057],[69.105,-23.482],[65.027,-64.563],[63.384,-94.801],[46.426,-109.014],[36.677,-112.267],[24.697,-117.17],[14.693,-87.968],[-13.436,-91.384],[-26.074,-112.41],[-30.681,-117.183],[-38.105,-113.147],[-48.482,-104.225],[-50.714,-99.159],[-66.839,-6.197],[-64.917,61.975]]},"ix":2}},{"ty":"fl","bm":0,"cl":"","ln":"","hd":false,"mn":"ADBE Vector Graphic - Fill","nm":"Fill 1","c":{"a":0,"k":[0.5804,0.3333,0.6314],"ix":4},"r":1,"o":{"a":0,"k":100,"ix":5}},{"ty":"tr","a":{"a":0,"k":[0,0],"ix":1},"s":{"a":0,"k":[100,100],"ix":3},"sk":{"a":0,"k":0,"ix":4},"p":{"a":0,"k":[113.982,302.921],"ix":2},"r":{"a":0,"k":0,"ix":6},"sa":{"a":0,"k":0,"ix":5},"o":{"a":0,"k":100,"ix":7}}]},{"ty":"gr","bm":0,"cl":"","ln":"","hd":false,"mn":"ADBE Vector Group","nm":"Group 18","ix":18,"cix":2,"np":2,"it":[{"ty":"sh","bm":0,"cl":"","ln":"","hd":false,"mn":"ADBE Vector Shape - Group","nm":"Path 1","ix":1,"d":1,"ks":{"a":0,"k":{"c":true,"i":[[2.373,7.955],[6.895,9.89],[4.025,4.508],[3.813,4.125],[1.957,4.574],[0.183,4.752],[-3.722,9.136],[-0.778,-0.609],[-7.462,-3.079],[-3.9,0.971],[-0.37,0.139],[-4.686,8.361],[3.379,7.169],[11.663,8.268],[3.833,-12.793],[2.724,-9.382],[2.203,-2.524],[1.908,-5.674],[-2.862,-11.92],[-24.025,4.797],[-5.607,-2.222],[-4.025,-4.594],[-0.743,-0.755]],"o":[[-3.463,-11.61],[-3.455,-4.957],[-3.743,-4.191],[-3.352,-3.627],[-1.877,-4.389],[-0.384,-9.899],[0.373,-0.915],[6.3,4.936],[3.617,1.493],[0.397,-0.099],[-0.044,-9.645],[3.385,-6.04],[-6.989,-14.814],[-5.426,12.201],[-2.766,9.237],[-0.718,2.473],[-3.988,4.569],[-3.902,11.603],[5.123,21.336],[5.549,-1.114],[5.709,2.266],[0.698,0.797],[-0.507,-8.243]],"v":[[38.965,69.491],[21.965,37.016],[10.715,22.805],[-1.021,10.717],[-9.513,-1.406],[-12.391,-15.324],[-6.838,-44.435],[-4.773,-44.98],[15.433,-31.784],[27.084,-30.156],[28.23,-30.519],[34.239,-58.295],[40.338,-79.073],[3.445,-93.519],[-10.457,-55.971],[-18.362,-27.826],[-30.536,-19.116],[-39.101,-2.22],[-40.855,34.008],[8.024,77.354],[27.027,73.181],[40.604,91.56],[42.768,93.888]]},"ix":2}},{"ty":"fl","bm":0,"cl":"","ln":"","hd":false,"mn":"ADBE Vector Graphic - Fill","nm":"Fill 1","c":{"a":0,"k":[0.9137,0.6549,0.1373],"ix":4},"r":1,"o":{"a":0,"k":100,"ix":5}},{"ty":"tr","a":{"a":0,"k":[0,0],"ix":1},"s":{"a":0,"k":[100,100],"ix":3},"sk":{"a":0,"k":0,"ix":4},"p":{"a":0,"k":[100.663,222.186],"ix":2},"r":{"a":0,"k":0,"ix":6},"sa":{"a":0,"k":0,"ix":5},"o":{"a":0,"k":100,"ix":7}}]},{"ty":"gr","bm":0,"cl":"","ln":"","hd":false,"mn":"ADBE Vector Group","nm":"Group 19","ix":19,"cix":2,"np":2,"it":[{"ty":"sh","bm":0,"cl":"","ln":"","hd":false,"mn":"ADBE Vector Shape - Group","nm":"Path 1","ix":1,"d":1,"ks":{"a":0,"k":{"c":true,"i":[[2.878,-4.013],[1.007,-1.07],[5.817,2.169],[4.511,1.788],[5.549,-1.113],[10.469,14.392],[-0.12,14.277],[-4.903,9.961],[-1.388,4.779],[-2.766,9.237],[-5.427,12.201],[-6.988,-14.814],[3.385,-6.04],[-0.276,-10.379],[-1.004,-0.862],[-3.997,-1.623],[-2.794,-7.856],[-0.114,-7.291],[-0.673,-3.94],[-0.159,-4.96],[2.719,-3.092]],"o":[[-0.849,1.185],[-3.676,3.903],[-4.249,-1.584],[-5.607,-2.222],[-17.694,3.534],[-8.379,-11.516],[0.092,-10.993],[2.992,-6.08],[2.724,-9.382],[3.833,-12.793],[11.663,8.267],[3.38,7.169],[-5.059,9.024],[0.019,0.709],[3.273,2.808],[7.347,2.984],[2.442,6.87],[0.063,3.997],[0.835,4.892],[0.133,4.189],[-3.101,3.526]],"v":[[44.21,76.03],[41.432,79.417],[23.35,86.932],[14.162,77.967],[-4.84,82.14],[-43.023,66.051],[-56.113,26.088],[-48.962,-8.72],[-31.226,-23.041],[-23.321,-51.185],[-9.42,-88.733],[27.473,-74.287],[21.374,-53.509],[15.399,-23.44],[24.317,-16.577],[34.744,-9.446],[49.688,5.807],[52.516,27.396],[53.278,39.352],[56.101,53.944],[52.12,64.692]]},"ix":2}},{"ty":"fl","bm":0,"cl":"","ln":"","hd":false,"mn":"ADBE Vector Graphic - Fill","nm":"Fill 1","c":{"a":0,"k":[0.9294,0.7373,0.3216],"ix":4},"r":1,"o":{"a":0,"k":100,"ix":5}},{"ty":"tr","a":{"a":0,"k":[0,0],"ix":1},"s":{"a":0,"k":[100,100],"ix":3},"sk":{"a":0,"k":0,"ix":4},"p":{"a":0,"k":[120.185,207.689],"ix":2},"r":{"a":0,"k":0,"ix":6},"sa":{"a":0,"k":0,"ix":5},"o":{"a":0,"k":100,"ix":7}}]},{"ty":"gr","bm":0,"cl":"","ln":"","hd":false,"mn":"ADBE Vector Group","nm":"Group 20","ix":20,"cix":2,"np":2,"it":[{"ty":"sh","bm":0,"cl":"","ln":"","hd":false,"mn":"ADBE Vector Shape - Group","nm":"Path 1","ix":1,"d":1,"ks":{"a":0,"k":{"c":true,"i":[[-0.026,2.633],[-3.48,7.035],[0.526,10.27],[7.04,10.819],[3.828,1.757],[1.98,3.203],[2.624,1.76],[3.022,-0.143],[3.863,-0.128],[3.712,0.176],[2.526,-0.722],[2.681,-0.781],[2.842,-1.959],[3.644,-1.455],[1.779,-1.5],[2.419,-1.472],[1.99,-3.359],[2.753,-0.353],[1.322,0.93],[1.48,-0.733],[-0.161,-1.404],[0.728,-1.339],[0.1,-2.622],[-1.234,-2.079],[-4.68,-3.232],[-2.629,3.534],[-6.929,3.383],[-6.882,-3.476],[-3.101,-3.57],[-3.669,-13.13],[-1.863,-2.585],[-2.904,1.31],[-3.514,6.394],[-3.005,-5.942],[0.818,-6.363],[0.807,-4.269],[-4.489,-3.27],[-0.316,-0.185],[0,0],[-0.017,2.299],[-0.419,0.652],[0.043,0.774]],"o":[[0.083,-8.442],[4.782,-9.668],[-0.664,-13.002],[-2.261,-3.474],[-3.459,-1.587],[-1.673,-2.706],[-2.385,-1.599],[-3.862,0.184],[-3.693,0.122],[-2.804,-0.133],[-2.705,0.773],[-3.319,0.966],[-3.273,2.256],[-2.219,0.885],[-2.183,1.842],[-3.387,2.061],[-1.398,2.357],[-1.621,0.208],[-1.002,-0.705],[-1.497,0.742],[0.164,1.419],[-0.938,1.723],[-0.097,2.513],[2.917,4.916],[3.194,2.206],[4.601,-6.187],[6.93,-3.383],[4.221,2.132],[8.939,10.292],[0.857,3.068],[1.863,2.584],[0.08,-7.127],[2.94,-5.352],[2.943,5.823],[-0.555,4.314],[-0.815,4.304],[0.296,0.216],[0,0],[-0.801,-2.155],[0.443,0.636],[0.418,-0.652],[-0.136,-2.406]],"v":[[60.141,48.586],[64.824,23.946],[67.416,-6.337],[55.6,-41.836],[46.464,-50.429],[40.494,-54.426],[33.774,-61.057],[25.543,-64.91],[13.959,-65.025],[3.106,-64.416],[-3.913,-62.629],[-12.145,-61.727],[-21.639,-56.987],[-32.478,-52.358],[-37.968,-48.289],[-45.163,-43.907],[-53.053,-35.381],[-58.836,-31.238],[-63.239,-32.391],[-67.175,-35.053],[-68.676,-29.432],[-66.411,-23.816],[-69.509,-21.557],[-66.439,-13.653],[-54.567,-1.408],[-45.092,-1.443],[-28.019,-16.72],[-5.71,-17.409],[4.941,-8.18],[25.514,26.774],[28.892,35.655],[37.184,38.67],[40.149,17.157],[50.616,17.181],[53.063,36.363],[50.702,49.177],[51.519,62.413],[52.447,63],[56.129,65.153],[58.046,58.717],[59.994,58.447],[60.326,56.187]]},"ix":2}},{"ty":"fl","bm":0,"cl":"","ln":"","hd":false,"mn":"ADBE Vector Graphic - Fill","nm":"Fill 1","c":{"a":0,"k":[0.0314,0.1373,0.2431],"ix":4},"r":1,"o":{"a":0,"k":100,"ix":5}},{"ty":"tr","a":{"a":0,"k":[0,0],"ix":1},"s":{"a":0,"k":[100,100],"ix":3},"sk":{"a":0,"k":0,"ix":4},"p":{"a":0,"k":[242.205,65.403],"ix":2},"r":{"a":0,"k":0,"ix":6},"sa":{"a":0,"k":0,"ix":5},"o":{"a":0,"k":100,"ix":7}}]},{"ty":"gr","bm":0,"cl":"","ln":"","hd":false,"mn":"ADBE Vector Group","nm":"Group 21","ix":21,"cix":2,"np":2,"it":[{"ty":"sh","bm":0,"cl":"","ln":"","hd":false,"mn":"ADBE Vector Shape - Group","nm":"Path 1","ix":1,"d":1,"ks":{"a":0,"k":{"c":true,"i":[[18.04,-5.891],[-7.852,1.604],[5.29,-5.256],[0.484,-3.89],[10.011,-5.178],[6.787,1.249],[3.59,5.279],[1.065,22.206],[0.51,-5.661],[0,0],[-1.67,-9.548],[0.703,-9.667],[2.981,-8.803],[-7.358,-6.834],[-7.717,1.802],[-11.582,7.926],[-14.987,29.042],[19.191,-8.778]],"o":[[7.852,-1.604],[-3.735,6.456],[3.854,0.718],[-1.394,11.184],[-5.997,3.102],[-6.872,-1.266],[-12.5,-18.385],[-2.095,5.284],[0,0],[7.654,5.947],[1.669,9.548],[-0.674,9.271],[-2.721,8.037],[6.609,6.138],[13.667,-3.192],[26.754,-18.308],[5.867,-11.371],[-16.487,7.543]],"v":[[9.827,-27.69],[33.38,-32.502],[19.765,-14.831],[24.713,-5.395],[2.291,18.036],[-18.479,25.985],[-35.695,9.717],[-56.57,-52.748],[-60.505,-36.217],[-72.247,-47.889],[-58.613,-22.953],[-58.344,6.046],[-62.696,33.508],[-68.853,56.342],[-36.617,58.08],[1.016,39.763],[67.007,-31.211],[57.021,-53.702]]},"ix":2}},{"ty":"fl","bm":0,"cl":"","ln":"","hd":false,"mn":"ADBE Vector Graphic - Fill","nm":"Fill 1","c":{"a":0,"k":[0.5804,0.3333,0.6314],"ix":4},"r":1,"o":{"a":0,"k":100,"ix":5}},{"ty":"tr","a":{"a":0,"k":[0,0],"ix":1},"s":{"a":0,"k":[100,100],"ix":3},"sk":{"a":0,"k":0,"ix":4},"p":{"a":0,"k":[260.696,304.851],"ix":2},"r":{"a":0,"k":0,"ix":6},"sa":{"a":0,"k":0,"ix":5},"o":{"a":0,"k":100,"ix":7}}]},{"ty":"gr","bm":0,"cl":"","ln":"","hd":false,"mn":"ADBE Vector Group","nm":"Group 22","ix":22,"cix":2,"np":2,"it":[{"ty":"sh","bm":0,"cl":"","ln":"","hd":false,"mn":"ADBE Vector Shape - Group","nm":"Path 1","ix":1,"d":1,"ks":{"a":0,"k":{"c":true,"i":[[-4.192,-1.62],[-4.065,-2.385],[0.079,-0.211],[-3.04,6.6],[-4.392,-5.755],[0.331,-2.253],[0.043,-3.923],[-4.619,-22.678],[0,0],[-0.193,1.684],[-3.979,41.374],[-0.051,0.519],[9.306,24.978],[20.494,9.239],[4.336,2.863],[8.591,-3.911],[10.099,2.435],[5.562,2.228],[5.551,5.574],[0.819,-1.048],[5.437,-1.665],[7.334,-3.085],[6.603,-3.252],[0,0],[2.233,-1.746],[3.161,-8.066],[4.249,-9.375],[6.72,-18.852],[-1.104,-4.862]],"o":[[4.424,1.711],[2.507,1.471],[2.537,-6.809],[1.311,-2.844],[1.623,2.126],[-0.568,3.879],[-0.263,23.347],[0,0],[0.192,-1.684],[4.743,-41.356],[0.05,-0.519],[2.607,-26.527],[-8.802,-23.625],[-4.638,-2.091],[-2.718,10.052],[-9.672,4.404],[-6.039,-0.537],[-7.518,-3.011],[-2.449,1.392],[-3.309,4.229],[-7.608,2.331],[-6.854,2.882],[0,0],[-2.542,1.252],[-6.63,5.184],[-3.699,9.442],[-8.263,18.229],[-1.625,4.559],[1.091,4.808]],"v":[[-137.343,47.26],[-124.945,54.549],[-94.922,71.325],[-86.555,51.202],[-76.21,39.526],[-76.362,45.936],[-76.532,57.583],[-70.876,126.697],[132.643,126.697],[133.222,121.644],[145.77,-2.525],[145.92,-4.08],[143.11,-83.239],[87.045,-119.265],[73.461,-126.697],[51.166,-104.24],[20.911,-102.744],[3.387,-106.729],[-15.424,-120.605],[-24.954,-114.356],[-35.394,-108.176],[-57.825,-100.046],[-78.543,-92.215],[-87.252,-87.926],[-94.591,-83.663],[-112.779,-63.194],[-123.497,-34.694],[-145.984,20.961],[-151.312,39.664]]},"ix":2}},{"ty":"fl","bm":0,"cl":"","ln":"","hd":false,"mn":"ADBE Vector Graphic - Fill","nm":"Fill 1","c":{"a":0,"k":[0.6196,0.4,0.6627],"ix":4},"r":1,"o":{"a":0,"k":100,"ix":5}},{"ty":"tr","a":{"a":0,"k":[0,0],"ix":1},"s":{"a":0,"k":[100,100],"ix":3},"sk":{"a":0,"k":0,"ix":4},"p":{"a":0,"k":[244.822,294.597],"ix":2},"r":{"a":0,"k":0,"ix":6},"sa":{"a":0,"k":0,"ix":5},"o":{"a":0,"k":100,"ix":7}}]},{"ty":"gr","bm":0,"cl":"","ln":"","hd":false,"mn":"ADBE Vector Group","nm":"Group 23","ix":23,"cix":2,"np":2,"it":[{"ty":"sh","bm":0,"cl":"","ln":"","hd":false,"mn":"ADBE Vector Shape - Group","nm":"Path 1","ix":1,"d":1,"ks":{"a":0,"k":{"c":true,"i":[[-0.024,4.272],[4.143,0.07],[-0.864,1.898],[5.829,15.932],[-1.624,8.824],[-2.466,8.932],[-0.016,11.952],[3.087,-0.645],[-0.294,-8.008],[6.288,-13.713],[7.997,-4.983],[7.872,-3.379],[0,0],[1.365,-0.808],[3.341,-3.529],[4.878,-1.199],[2.77,-0.785],[16.327,-8.144],[0.193,-0.098],[-7.322,-0.484],[-42.73,3.044],[-3.442,0.387]],"o":[[-4.108,0.167],[-2.733,-0.047],[-12.168,-11.916],[-3.043,-8.319],[1.693,-9.194],[3.227,-11.689],[-2.463,-2.689],[-7.977,1.667],[2.139,14.574],[-4.01,8.741],[-7.273,4.533],[0,0],[0.007,-0.051],[2.633,2.808],[0.869,3.802],[-2.796,0.687],[-14.847,10.304],[-0.195,0.097],[7.361,0.356],[42.707,2.818],[3.46,-0.247],[-0.021,-4.272]],"v":[[80.445,61.318],[68.07,61.482],[65.261,56.724],[36.945,14.266],[33.722,-12.249],[44.182,-37.803],[45.38,-73.551],[36.685,-77.51],[29.186,-55.306],[27.422,-12.228],[7.88,7.66],[-15.074,19.178],[-15.758,24.06],[-18.098,25.363],[-17.917,36.102],[-23.443,45.36],[-31.792,47.574],[-79.873,72.849],[-80.445,73.152],[-58.398,74.275],[70.085,75.112],[80.435,74.134]]},"ix":2}},{"ty":"fl","bm":0,"cl":"","ln":"","hd":false,"mn":"ADBE Vector Graphic - Fill","nm":"Fill 1","c":{"a":0,"k":[0.8824,0.7216,0.5294],"ix":4},"r":1,"o":{"a":0,"k":100,"ix":5}},{"ty":"tr","a":{"a":0,"k":[0,0],"ix":1},"s":{"a":0,"k":[100,100],"ix":3},"sk":{"a":0,"k":0,"ix":4},"p":{"a":0,"k":[246.138,149.419],"ix":2},"r":{"a":0,"k":0,"ix":6},"sa":{"a":0,"k":0,"ix":5},"o":{"a":0,"k":100,"ix":7}}]},{"ty":"gr","bm":0,"cl":"","ln":"","hd":false,"mn":"ADBE Vector Group","nm":"Group 24","ix":24,"cix":2,"np":2,"it":[{"ty":"sh","bm":0,"cl":"","ln":"","hd":false,"mn":"ADBE Vector Shape - Group","nm":"Path 1","ix":1,"d":1,"ks":{"a":0,"k":{"c":true,"i":[[-0.14,14.475],[3.183,16.866],[3.773,17.003],[5.935,-1.238],[0.039,-6.499],[0,0],[2.485,5.259],[5.034,9.795],[10.346,3.174],[9.582,-7.429],[1.821,-5.564],[-0.813,-5.385],[-9.171,-26.006],[-1.209,-1.567],[-6.446,0.569],[0.25,-1.784],[0.849,-0.491],[-0.664,-1.134],[3.996,-1.759],[12.496,-5.31],[10.207,-8.116],[2.323,-6.498],[-7.851,1.075],[-13.274,1.851],[-39.395,4.452]],"o":[[-15.483,-7.967],[-3.231,-17.113],[-1.109,-4.995],[-9.694,2.026],[0,0],[2.374,0.018],[-4.743,-10.037],[-4.331,-8.43],[-11.592,-3.555],[-4.626,3.587],[-1.692,5.177],[4.114,27.249],[0.658,1.868],[3.954,5.122],[-0.25,1.783],[0.006,-0.039],[0.942,0.618],[2.024,3.461],[-12.421,5.467],[-11.857,5.038],[-5.778,4.594],[7.891,-0.445],[13.276,-1.816],[39.26,-5.477],[0.023,-14.474]],"v":[[90.864,35.398],[58.006,-1.79],[59.883,-53.705],[46.691,-65.678],[39.316,-39.081],[34.937,-39.115],[32.516,-50.539],[15.802,-79.111],[-0.563,-99.298],[-34.357,-90.271],[-45.157,-76.759],[-45.355,-60.578],[-25.585,20.753],[-23.019,26.08],[-5.002,30.543],[-5.753,35.893],[-7.148,36.644],[-4.706,39.251],[-7.607,50.31],[-44.015,68.417],[-79.37,85.855],[-90.864,102.853],[-67.265,100.253],[-27.398,95.081],[90.426,78.822]]},"ix":2}},{"ty":"fl","bm":0,"cl":"","ln":"","hd":false,"mn":"ADBE Vector Graphic - Fill","nm":"Fill 1","c":{"a":0,"k":[0.9294,0.7608,0.5373],"ix":4},"r":1,"o":{"a":0,"k":100,"ix":5}},{"ty":"tr","a":{"a":0,"k":[0,0],"ix":1},"s":{"a":0,"k":[100,100],"ix":3},"sk":{"a":0,"k":0,"ix":4},"p":{"a":0,"k":[236.132,137.586],"ix":2},"r":{"a":0,"k":0,"ix":6},"sa":{"a":0,"k":0,"ix":5},"o":{"a":0,"k":100,"ix":7}}]},{"ty":"gr","bm":0,"cl":"","ln":"","hd":false,"mn":"ADBE Vector Group","nm":"Group 25","ix":25,"cix":2,"np":2,"it":[{"ty":"sh","bm":0,"cl":"","ln":"","hd":false,"mn":"ADBE Vector Shape - Group","nm":"Path 1","ix":1,"d":1,"ks":{"a":0,"k":{"c":true,"i":[[0,0],[10.01,4.132],[4.662,-0.209],[22.268,-5.477],[8.917,-4.087]],"o":[[2.317,-6.252],[-4.314,-1.78],[-22.909,1.024],[-9.511,2.339],[0,0]],"v":[[54.168,8.901],[49.927,-7.12],[36.116,-8.524],[-32.114,-0.67],[-59.937,8.901]]},"ix":2}},{"ty":"fl","bm":0,"cl":"","ln":"","hd":false,"mn":"ADBE Vector Graphic - Fill","nm":"Fill 1","c":{"a":0,"k":[0.4941,0.2784,0.5686],"ix":4},"r":1,"o":{"a":0,"k":100,"ix":5}},{"ty":"tr","a":{"a":0,"k":[0,0],"ix":1},"s":{"a":0,"k":[100,100],"ix":3},"sk":{"a":0,"k":0,"ix":4},"p":{"a":0,"k":[311.622,412.393],"ix":2},"r":{"a":0,"k":0,"ix":6},"sa":{"a":0,"k":0,"ix":5},"o":{"a":0,"k":100,"ix":7}}]}],"ind":11},{"ty":4,"nm":"Shape Layer 6","mn":"","sr":1,"st":0,"op":640,"ip":0,"hd":false,"cl":"","ln":"","ddd":0,"bm":0,"hasMask":false,"ao":0,"ks":{"a":{"a":0,"k":[0,0,0],"ix":1},"s":{"a":0,"k":[250,250,100],"ix":6},"sk":{"a":0,"k":0},"p":{"a":0,"k":[1212.91,1258.4575,0],"ix":2},"r":{"a":0,"k":0,"ix":10},"sa":{"a":0,"k":0},"o":{"a":0,"k":100,"ix":11}},"ef":[],"shapes":[{"ty":"gr","bm":0,"cl":"","ln":"","hd":false,"mn":"ADBE Vector Group","nm":"Ellipse 1","ix":1,"cix":2,"np":3,"it":[{"ty":"el","bm":0,"cl":"","ln":"","hd":false,"mn":"ADBE Vector Shape - Ellipse","nm":"Ellipse Path 1","d":1,"p":{"a":0,"k":[0,0],"ix":3},"s":{"a":0,"k":[1007.844,1007.844],"ix":2}},{"ty":"fl","bm":0,"cl":"","ln":"","hd":false,"mn":"ADBE Vector Graphic - Fill","nm":"Fill 1","c":{"a":0,"k":[0.0784,0.3373,0.5412],"ix":4},"r":1,"o":{"a":0,"k":100,"ix":5}},{"ty":"tr","a":{"a":0,"k":[0,0],"ix":1},"s":{"a":0,"k":[84.545,84.545],"ix":3},"sk":{"a":0,"k":0,"ix":4},"p":{"a":0,"k":[14.836,-3.383],"ix":2},"r":{"a":0,"k":0,"ix":6},"sa":{"a":0,"k":0,"ix":5},"o":{"a":0,"k":100,"ix":7}}]}],"ind":12},{"ty":3,"mn":"","sr":1,"st":0,"op":640.640640640641,"ip":0,"hd":false,"cl":"","ln":"","ddd":0,"bm":0,"hasMask":false,"ao":0,"ks":{"a":{"a":0,"k":[0,0,0],"ix":1},"s":{"a":0,"k":[250,250,100],"ix":6},"sk":{"a":0,"k":0},"p":{"a":0,"k":[1245,1150,0],"ix":2},"r":{"a":0,"k":0,"ix":10},"sa":{"a":0,"k":0},"o":{"a":0,"k":100,"ix":11}},"ind":13}],"ddd":0,"h":2500,"w":2500,"meta":{"a":"","k":"","d":"","g":"@lottiefiles/toolkit-js 0.22.1","tc":"#000000"},"v":"5.7.4","fr":40,"op":200,"ip":0,"assets":[]}